<?xml version="1.0" encoding="UTF-8" standalone="no"?>
<!DOCTYPE preferences SYSTEM "http://java.sun.com/dtd/preferences.dtd">
<preferences EXTERNAL_XML_VERSION="1.0">
  <root type="user">
    <map/>
    <node name="com">
      <map/>
      <node name="github">
        <map/>
        <node name="chungkwong">
          <map/>
          <node name="sillytranslate">
            <map>
              <entry key="AutoSelectLex" value="false"/>
              <entry key="AutoSelectSentence" value="false"/>
              <entry key="CloudTranslator" value="true"/>
              <entry key="Dictionary" value="en_US-zh_CN/stardict-lazyworm-ec-2.4.2:"/>
              <entry key="DictionaryTranslator" value="true"/>
              <entry key="InputLanguage" value="en-US"/>
              <entry key="JavaLex" value="true"/>
              <entry key="NaiveLimit" value="6"/>
              <entry key="NaiveSentenceTranslator" value="true"/>
              <entry key="NaiveTranslator" value="false"/>
              <entry key="Name" value="英汉翻译"/>
              <entry key="NumberTranslator" value="true"/>
              <entry key="OutputLanguage" value="zh-CN"/>
              <entry key="PackagePlugin" value="com.github.chungkwong.sillytranslate.en2zh.Loader"/>
              <entry key="PrefixLex" value="false"/>
              <entry key="PrologEngine" value="JPrologMin"/>
              <entry key="RuleBasedLimit" value="6"/>
              <entry key="RuleBasedSentenceTranslator" value="true"/>
              <entry key="RulesFile" value="en_US-zh_CN/RULES.prolog"/>
              <entry key="SimpleLex" value="false"/>
              <entry key="StagedTranslator" value="true"/>
              <entry key="TuneTranslator" value="false"/>
              <entry key="WordCache" value="en_US-zh_CN/cache"/>
              <entry key="useBaidu" value="false"/>
              <entry key="useYandex" value="false"/>
              <entry key="useYoudao" value="false"/>
            </map>
          </node>
        </node>
      </node>
    </node>
  </root>
</preferences>
