<?xml version="1.0" encoding="UTF-8" standalone="no"?>
<!DOCTYPE preferences SYSTEM "http://java.sun.com/dtd/preferences.dtd">
<preferences EXTERNAL_XML_VERSION="1.0">
  <root type="user">
    <map/>
    <node name="com">
      <map/>
      <node name="github">
        <map/>
        <node name="chungkwong">
          <map/>
          <node name="sillytranslate">
            <map>
              <entry key="AutoSelectLex" value="true"/>
              <entry key="AutoSelectSentence" value="true"/>
              <entry key="CloudTranslator" value="true"/>
              <entry key="Dictionary" value="zh_CN-zh_HK/s2hk.txt:"/>
              <entry key="DictionaryTranslator" value="false"/>
              <entry key="InputLanguage" value="zh-CN"/>
              <entry key="JavaLex" value="false"/>
              <entry key="NaiveLimit" value="1"/>
              <entry key="NaiveSentenceTranslator" value="true"/>
              <entry key="NaiveTranslator" value="false"/>
              <entry key="OutputLanguage" value="zh-HK"/>
              <entry key="PrefixLex" value="true"/>
              <entry key="RuleBasedLimit" value="6"/>
              <entry key="RuleBasedSentenceTranslator" value="false"/>
              <entry key="RulesFile" value="en_CN-zh_HK/RULES.prolog"/>
              <entry key="SimpleLex" value="false"/>
              <entry key="StagedTranslator" value="true"/>
              <entry key="TuneTranslator" value="true"/>
              <entry key="WordCache" value="zh_CN-zh_HK/cache"/>
              <entry key="useBaidu" value="false"/>
              <entry key="useYandex" value="false"/>
              <entry key="useYoudao" value="false"/>
            </map>
          </node>
        </node>
      </node>
    </node>
  </root>
</preferences>
